############################################
# Champions League 2015/16 - Group stage
#
#  see en.wikipedia.org/wiki/2015–16_UEFA_Champions_League_group_stage


Group A |  Paris Saint-Germain     Real Madrid         Shakhtar Donetsk   Malmö FF
Group B |  PSV Eindhoven           Manchester United   CSKA Moscow        Wolfsburg
Group C |  Benfica                 Atlético Madrid     Galatasaray        Astana
Group D |  Juventus                Manchester City     Sevilla            Bor. Mönchengladbach
Group E |  Barcelona               Bayer Leverkusen    Roma               BATE Borisov
Group F |  Bayern München          Arsenal             Olympiacos         Dinamo Zagreb
Group G |  Chelsea                 Porto               Dynamo Kyiv        Maccabi Tel Aviv
Group H |  Zenit Saint Petersburg  Valencia            Lyon               Gent


Matchday 1 | 15-16 September 2015
Matchday 2 | 29-30 September 2015
Matchday 3 | 20-21 October 2015
Matchday 4 | 3-4 November 2015
Matchday 5 | 24-25 November 2015
Matchday 6 | 8-9 December 2015


## Notes:
##  Kick-off time for MD5 in Belarus and Russia: 18.00 (CET).
##  Kick-off time for MD2 in Kazakhstan: 18.00 (CET). For MD4 and MD5: 16.00 (CET).
##  Kick-off time for MD5 in Belarus and Russia: 18.00 (CET).
##  Kick-off time for MD2 in Kazakhstan: 18.00 (CET). For MD4 and MD5: 16.00 (CET).



Group A:

[Tue Sep/15]
  20.45  Paris Saint-Germain  v  Malmö FF          @ Parc des Princes, Paris
  20.45  Real Madrid          v  Shakhtar Donetsk  @ Santiago Bernabéu, Madrid
[Wed Sep/30]
  20.45  Shakhtar Donetsk     v  Paris Saint-Germain  @ Arena Lviv, Lviv [A]
  20.45  Malmö FF             v  Real Madrid          @ Swedbank Stadion, Malmö
[Wed Oct/21]
  20.45  Malmö FF             v  Shakhtar Donetsk     @ Swedbank Stadion, Malmö
  20.45  Paris Saint-Germain  v  Real Madrid          @ Parc des Princes, Paris
[Tue Nov/3]
  20.45  Shakhtar Donetsk     v  Malmö FF             @ Arena Lviv, Lviv [A]
  20.45  Real Madrid          v  Paris Saint-Germain  @ Santiago Bernabéu, Madrid
[Wed Nov/25]
  20.45  Malmö FF             v  Paris Saint-Germain  @ Swedbank Stadion, Malmö
  20.45  Shakhtar Donetsk     v  Real Madrid          @ Arena Lviv, Lviv [A]
[Tue Dec/8]
  20.45  Paris Saint-Germain  v  Shakhtar Donetsk  @ Parc des Princes, Paris
  20.45  Real Madrid          v  Malmö FF          @ Santiago Bernabéu, Madrid

## Notes:
##  ^A  Shakhtar Donetsk will play their home matches at Arena Lviv, Lviv instead of their
##      regular stadium, Donbass Arena, Donetsk, due to the war conditions in Eastern .


Group B:

[Tue Sep/15]
  20.45  Wolfsburg       v   CSKA Moscow         @ Volkswagen Arena, Wolfsburg
  20.45  PSV Eindhoven   v   Manchester United   @ Philips Stadion, Eindhoven
[Wed Sep/30]
  20.45  Manchester United   v   Wolfsburg    @ Old Trafford, Manchester
  20.45  CSKA Moscow   v   PSV Eindhoven      @ Arena Khimki, Khimki
[Wed Oct/21]
  20.45  CSKA Moscow   v   Manchester United  @ Arena Khimki, Khimki
  20.45  Wolfsburg   v   PSV Eindhoven        @ Volkswagen Arena, Wolfsburg
[Tue Nov/3
  20.45  Manchester United   v   CSKA Moscow  @ Old Trafford, Manchester
  20.45  PSV Eindhoven       v   Wolfsburg    @ Philips Stadion, Eindhoven
[Wed Nov/25]
  18.00  CSKA Moscow         v   Wolfsburg      @ Arena Khimki, Khimki
  20.45  Manchester United   v   PSV Eindhoven  @ Old Trafford, Manchester
[Tue Dec/8]
  20.45  Wolfsburg   v   Manchester United   @ Volkswagen Arena, Wolfsburg
  20.45  PSV Eindhoven   v   CSKA Moscow     @ Philips Stadion, Eindhoven


Group C:

[Tue Sep/15]
  20.45  Galatasaray   v   Atlético Madrid   @ Türk Telekom Arena, Istanbul
  20.45  Benfica   v  Kazakhstan Astana      @ Estádio da Luz, Lisbon
[Wed Sep/30]
  18.00  Astana Kazakhstan  v   Galatasaray   @ Astana Arena, Astana
  20.45  Atlético Madrid   v   Benfica        @ Vicente Calderón, Madrid
[Wed Oct/21]
  20.45  Atlético Madrid   v  Kazakhstan Astana  @ Vicente Calderón, Madrid
  20.45  Galatasaray       v  Benfica            @ Türk Telekom Arena, Istanbul
[Tue Nov/3]
  16.00  Astana Kazakhstan  v   Atlético Madrid  @ Astana Arena, Astana
  20.45  Benfica   v   Galatasaray               @ Estádio da Luz, Lisbon
[Wed Nov/25]
  16.00  Astana Kazakhstan  v   Benfica     @ Astana Arena, Astana
  20.45  Atlético Madrid   v   Galatasaray  @ Vicente Calderón, Madrid
[Tue Dec/8]
  20.45  Galatasaray   v  Kazakhstan Astana   @ Türk Telekom Arena, Istanbul
  20.45  Benfica       v   Atlético Madrid    @ Estádio da Luz, Lisbon


Group D:

[Tue Sep/15]
  20.45  Manchester City   v   Juventus     @ Etihad Stadium, Manchester
  20.45  Sevilla   v   Bor. Mönchengladbach  @ Ramón Sánchez-Pizjuán, Seville
[Wed Sep/30]
  20.45  Bor. Mönchengladbach   v   Manchester City  @ Stadion im Borussia-Park, Mönchengladbach
  20.45  Juventus               v   Sevilla          @ Juventus Stadium, Turin
[Wed Oct/21]
  20.45  Juventus          v   Bor. Mönchengladbach  @ Juventus Stadium, Turin
  20.45  Manchester City   v   Sevilla               @ Etihad Stadium, Manchester
[Tue Nov/3]
  20.45  Bor. Mönchengladbach  v  Juventus          @ Stadion im Borussia-Park, Mönchengladbach
  20.45  Sevilla               v  Manchester City   @ Ramón Sánchez-Pizjuán, Seville
[Wed Nov/25]
  20.45  Juventus              v  Manchester City   @ Juventus Stadium, Turin
  20.45  Bor. Mönchengladbach  v  Sevilla           @ Stadion im Borussia-Park, Mönchengladbach
[Tue Dec/8]
  20.45  Manchester City   v   Bor. Mönchengladbach  @ Etihad Stadium, Manchester
  20.45  Sevilla           v   Juventus              @ Ramón Sánchez-Pizjuán, Seville


Group E:

[Wed Sep/16]
  20.45  Bayer Leverkusen   v   BATE Borisov    @ BayArena, Leverkusen
  20.45  Roma               v   Barcelona       @ Stadio Olimpico, Rome
[Tue Sep/29]
  20.45  Barcelona   v   Bayer Leverkusen     @ Camp Nou, Barcelona
  20.45  BATE Borisov   v   Roma              @ Borisov Arena, Barysaw
[Tue Oct/20]
  20.45  BATE Borisov   v   Barcelona      @ Borisov Arena, Barysaw
  20.45  Bayer Leverkusen   v   Roma       @ BayArena, Leverkusen
[Wed Nov/4]
  20.45  Barcelona   v   BATE Borisov    @ Camp Nou, Barcelona
  20.45  Roma   v   Bayer Leverkusen     @ Stadio Olimpico, Rome
[Tue Nov/24]
  18.00  BATE Borisov   v   Bayer Leverkusen   @ Borisov Arena, Barysaw
  20.45  Barcelona      v   Roma               @ Camp Nou, Barcelona
[Wed Dec/9]
  20.45  Bayer Leverkusen   v  Barcelona      @ BayArena, Leverkusen
  20.45  Roma               v  BATE Borisov   @ Stadio Olimpico, Rome


Group F:

[Wed Sep/16]
  20.45  Dinamo Zagreb      v   Arsenal         @ Stadion Maksimir, Zagreb
  20.45  Olympiacos   v   Bayern München  @ Karaiskakis Stadium, Piraeus
[Tue Sep/29]
  20.45  Bayern München   v   Dinamo Zagreb   @ Allianz Arena, München
  20.45  Arsenal          v   Olympiacos      @ Emirates Stadium, London
[Tue Oct/20]
  20.45  Arsenal   v   Bayern München    @ Emirates Stadium, London
  20.45  Dinamo Zagreb   v   Olympiacos  @ Stadion Maksimir, Zagreb
[Wed Nov/4]
  20.45  Bayern München   v   Arsenal   @ Allianz Arena, München
  20.45  Olympiacos   v   Dinamo Zagreb @ Karaiskakis Stadium, Piraeus
[Tue Nov/24]
  20.45  Arsenal          v   Dinamo Zagreb    @ Emirates Stadium, London
  20.45  Bayern München   v   Olympiacos       @ Allianz Arena, München
[Wed Dec/9]
  20.45  Dinamo Zagreb   v   Bayern München   @ Stadion Maksimir, Zagreb
  20.45  Olympiacos      v   Arsenal          @ Karaiskakis Stadium, Piraeus


Group G:

[Wed Sep/16]
  20.45  Dynamo Kyiv   v   Porto            @ Olympic Stadium, Kiev
  20.45  Chelsea       v  Maccabi Tel Aviv  @ Stamford Bridge, London
[Tue Sep/29]
  20.45  Maccabi Tel Aviv  v   Dynamo Kyiv  @ Sammy Ofer Stadium, Haifa [B]
  20.45  Porto             v   Chelsea      @ Estádio do Dragão, Porto
[Tue Oct/20]
  20.45  Porto         v  Maccabi Tel Aviv   @ Estádio do Dragão, Porto
  20.45  Dynamo Kyiv   v   Chelsea           @ Olympic Stadium, Kiev
[Wed Nov/4]
  20.45  Maccabi Tel Aviv  v   Porto        @ Sammy Ofer Stadium, Haifa [B]
  20.45  Chelsea           v   Dynamo Kyiv  @ Stamford Bridge, London
[Tue Nov/24]
  20.45  Porto            v   Dynamo Kyiv    @ Estádio do Dragão, Porto
  20.45  Maccabi Tel Aviv v   Chelsea        @ Sammy Ofer Stadium, Haifa [B]
[Wed Dec/9]
  20.45  Dynamo Kyiv   v  Maccabi Tel Aviv   @ Olympic Stadium, Kiev
  20.45  Chelsea       v   Porto             @ Stamford Bridge, London

## Notes:
## ^B  Maccabi Tel Aviv will play their home matches at Sammy Ofer Stadium,
##     Haifa instead of their regular stadium, Bloomfield Stadium, Tel Aviv.


Group H:

[Wed Sep/16]
  20.45  Valencia   v   Zenit Saint Petersburg    @ Mestalla, Valencia
  20.45  Gent       v   Lyon                      @ Ghelamco Arena, Ghent
[Tue Sep/29]
  20.45  Lyon                    v   Valencia        @ Stade de Gerland, Lyon
  20.45  Zenit Saint Petersburg  v   Gent            @ Petrovsky Stadium, Saint Petersburg
[Tue Oct/20]
  20.45  Zenit Saint Petersburg   v   Lyon    @ Petrovsky Stadium, Saint Petersburg
  20.45  Valencia                 v   Gent    @ Mestalla, Valencia
[Wed Nov/4]
  20.45  Lyon   v   Zenit Saint Petersburg   @ Stade de Gerland, Lyon
  20.45  Gent   v   Valencia                 @ Ghelamco Arena, Ghent
[Tue Nov/24]
  18.00  Zenit Saint Petersburg   v  Valencia   @ Petrovsky Stadium, Saint Petersburg
  20.45  Lyon                     v  Gent       @ Stade de Gerland, Lyon
[Wed Dec/9]
  20.45  Valencia   v   Lyon                    @ Mestalla, Valencia
  20.45  Gent       v   Zenit Saint Petersburg  @ Ghelamco Arena, Ghent


